{
    "Financeiro": {
        "Assistente Administrativo": {
            "titulo": "Checklist base - Financeiro / Assistente Administrativo",
            "itens": [
                "Nome",
                "Email",
                "Conta M365",
                "Quais das pastas do OneDrive",
                "Acesso ao PHC",
                "Se tem PHC, qual o perfil",
                "Acesso NAS Design",
                "Acesso NAS"
            ]
        }
    },
    "TI": {
        "Técnico de Suporte": {
            "titulo": "Checklist base - TI / Técnico de Suporte",
            "itens": [
                "Nome",
                "Email",
                "Conta M365",
                "Quais das pastas do OneDrive",
                "Acesso ao PHC",
                "Se tem PHC, qual o perfil",
                "Acesso NAS Design",
                "Acesso NAS"
            ]
        }
    },
    "Marketing": {
        "Gestor de Marketing": {
            "titulo": "Checklist base - Marketing / Gestor de Marketing",
            "itens": [
                "Nome",
                "Email",
                "Conta M365",
                "Quais das pastas do OneDrive",
                "Acesso ao PHC",
                "Se tem PHC, qual o perfil",
                "Acesso NAS Design",
                "Acesso NAS"
            ]
        }
    }
}